Rank,Title,Year,Rating,Run Time (min),Genre
1,The Shawshank Redemption,1994,9.3,142,Drama
2,The Godfather,1972,9.2,175,"Crime, Drama"
3,The Dark Knight,2008,9.0,152,"Action, Crime, Drama"
4,The Lord of the Rings: The Return of the King,2003,9.0,201,"Action, Adventure, Drama"
5,Schindler's List,1993,9.0,195,"Biography, Drama, History"
6,12 Angry Men,1957,9.0,96,"Crime, Drama"
7,The Godfather Part II,1974,9.0,202,"Crime, Drama"
8,Pulp Fiction,1994,8.9,154,"Crime, Drama"
9,Inception,2010,8.8,148,"Action, Adventure, Sci-Fi"
10,The Lord of the Rings: The Fellowship of the Ring,2001,8.8,178,"Action, Adventure, Drama"
11,Fight Club,1999,8.8,139,Drama
12,Forrest Gump,1994,8.8,142,"Drama, Romance"
13,The Lord of the Rings: The Two Towers,2002,8.8,179,"Action, Adventure, Drama"
14,"Il buono, il brutto, il cattivo",1966,8.8,161,"Adventure, Western"
15,Jai Bhim,2021,8.8,164,"Crime, Drama, Mystery"
16,777 Charlie,2022,8.8,136,"Adventure, Comedy, Drama"
17,Rocketry: The Nambi Effect,2022,8.8,157,"Biography, Drama"
18,GoodFellas,1990,8.7,145,"Biography, Crime, Drama"
19,The Matrix,1999,8.7,136,"Action, Sci-Fi"
20,One Flew Over the Cuckoo's Nest,1975,8.7,133,Drama
21,The Empire Strikes Back,1980,8.7,124,"Action, Adventure, Fantasy"
22,Soorarai Pottru,2020,8.7,153,"Action, Drama"
23,Interstellar,2014,8.6,169,"Adventure, Drama, Sci-Fi"
24,Se7en,1995,8.6,127,"Crime, Drama, Mystery"
25,Star Wars,1977,8.6,121,"Action, Adventure, Fantasy"
26,The Silence of the Lambs,1991,8.6,118,"Crime, Drama, Thriller"
27,The Green Mile,1999,8.6,189,"Crime, Drama, Fantasy"
28,Sen to Chihiro no kamikakushi,2001,8.6,125,"Animation, Adventure, Family"
29,Terminator 2: Judgment Day,1991,8.6,137,"Action, Sci-Fi"
30,Saving Private Ryan,1998,8.6,169,"Drama, War"
31,Cidade de Deus,2002,8.6,130,"Crime, Drama"
32,La vita è bella,1997,8.6,116,"Comedy, Drama, Romance"
33,Shichinin no samurai,1954,8.6,207,"Action, Drama"
34,It's a Wonderful Life,1946,8.6,130,"Drama, Family, Fantasy"
35,Seppuku,1962,8.6,133,"Action, Drama, Mystery"
36,Sita Ramam,2022,8.6,163,"Action, Drama, Mystery"
37,Alien,1979,8.5,117,"Horror, Sci-Fi"
38,Gladiator,2000,8.5,155,"Action, Adventure, Drama"
39,Whiplash,2014,8.5,106,"Drama, Music"
40,Gisaengchung,2019,8.5,132,"Drama, Thriller"
41,The Departed,2006,8.5,151,"Crime, Drama, Thriller"
42,Back to the Future,1985,8.5,116,"Adventure, Comedy, Sci-Fi"
43,Léon,1994,8.5,110,"Action, Crime, Drama"
44,The Prestige,2006,8.5,130,"Drama, Mystery, Sci-Fi"
45,Psycho,1960,8.5,109,"Horror, Mystery, Thriller"
46,The Lion King,1994,8.5,88,"Animation, Adventure, Drama"
47,Apocalypse Now,1979,8.5,147,"Drama, Mystery, War"
48,The Pianist,2002,8.5,150,"Biography, Drama, Music"
49,American History X,1998,8.5,119,"Crime, Drama"
50,The Usual Suspects,1995,8.5,106,"Crime, Drama, Mystery"
51,Casablanca,1942,8.5,102,"Drama, Romance, War"
52,Once Upon a Time in the West,1968,8.5,165,Western
53,The Intouchables,2011,8.5,112,"Biography, Comedy, Drama"
54,Hotaru no haka,1988,8.5,89,"Animation, Drama, War"
55,Rear Window,1954,8.5,112,"Mystery, Thriller"
56,Nuovo Cinema Paradiso,1988,8.5,155,"Drama, Romance"
57,Modern Times,1936,8.5,87,"Comedy, Drama, Romance"
58,Kaithi,2019,8.5,145,"Action, Adventure, Crime"
59,City Lights,1931,8.5,87,"Comedy, Drama, Romance"
60,96(II),II 2018,8.5,158,"Drama, Romance"
61,Avengers: Endgame,2019,8.4,181,"Action, Adventure, Drama"
62,Joker(I),I 2019,8.4,122,"Crime, Drama, Thriller"
63,Kimi no na wa.,2016,8.4,106,"Animation, Drama, Fantasy"
64,Spider-Man: Into the Spider-Verse,2018,8.4,117,"Animation, Action, Adventure"
65,The Shining,1980,8.4,146,"Drama, Horror"
66,Django Unchained,2012,8.4,165,"Drama, Western"
67,Raiders of the Lost Ark,1981,8.4,115,"Action, Adventure"
68,Oldeuboi,2003,8.4,101,"Action, Drama, Mystery"
69,The Dark Knight Rises,2012,8.4,164,"Action, Drama, Thriller"
70,Aliens,1986,8.4,137,"Action, Adventure, Sci-Fi"
71,Avengers: Infinity War,2018,8.4,149,"Action, Adventure, Sci-Fi"
72,Idi i smotri,1985,8.4,142,"Drama, Thriller, War"
73,Memento,2000,8.4,113,"Mystery, Thriller"
74,Braveheart,1995,8.4,178,"Biography, Drama, History"
75,Amadeus,1984,8.4,160,"Biography, Drama, Music"
76,Coco(I),I 2017,8.4,105,"Animation, Adventure, Comedy"
77,WALL·E,2008,8.4,98,"Animation, Adventure, Family"
78,The Lives of Others,2006,8.4,137,"Drama, Mystery, Thriller"
79,3 Idiots,2009,8.4,170,"Comedy, Drama"
80,Dr. Strangelove or: How I Learned to Stop Worrying and Love the Bomb,1964,8.4,95,"Comedy, War"
81,Capharnaüm,2018,8.4,126,Drama
82,Sunset Blvd.,1950,8.4,110,"Drama, Film-Noir"
83,Das Boot,1981,8.4,149,"Drama, War"
84,Witness for the Prosecution,1957,8.4,116,"Crime, Drama, Mystery"
85,Paths of Glory,1957,8.4,88,"Drama, War"
86,The Great Dictator,1940,8.4,125,"Comedy, Drama, War"
87,Tengoku to jigoku,1963,8.4,143,"Crime, Drama, Mystery"
88,Sardar Udham,2021,8.4,164,"Biography, Crime, Drama"
89,Asuran,2019,8.4,141,"Action, Drama"
90,Drishyam 2,2021,8.4,152,"Crime, Drama, Thriller"
91,Top Gun: Maverick,2022,8.3,130,"Action, Drama"
92,Good Will Hunting,1997,8.3,126,"Drama, Romance"
93,Inglourious Basterds,2009,8.3,153,"Adventure, Drama, War"
94,Heat,1995,8.3,170,"Action, Crime, Drama"
95,Requiem for a Dream,2000,8.3,102,Drama
96,American Beauty,1999,8.3,122,Drama
97,A Clockwork Orange,1971,8.3,136,"Crime, Sci-Fi"
98,Scarface,1983,8.3,170,"Crime, Drama"
99,Full Metal Jacket,1987,8.3,116,"Drama, War"
100,2001: A Space Odyssey,1968,8.3,149,"Adventure, Sci-Fi"
101,Eternal Sunshine of the Spotless Mind,2004,8.3,108,"Drama, Romance, Sci-Fi"
102,Once Upon a Time in America,1984,8.3,229,"Crime, Drama"
103,Star Wars: Episode VI - Return of the Jedi,1983,8.3,131,"Action, Adventure, Fantasy"
104,Reservoir Dogs,1992,8.3,99,"Crime, Thriller"
105,Jagten,2012,8.3,115,Drama
106,Hamilton,2020,8.3,160,"Biography, Drama, History"
107,Toy Story,1995,8.3,81,"Animation, Adventure, Comedy"
108,Up,2009,8.3,96,"Animation, Adventure, Comedy"
109,Le fabuleux destin d'Amélie Poulain,2001,8.3,122,"Comedy, Romance"
110,Citizen Kane,1941,8.3,119,"Drama, Mystery"
111,Incendies,2010,8.3,131,"Drama, Mystery"
112,Lawrence of Arabia,1962,8.3,218,"Adventure, Biography, Drama"
113,Mononoke-hime,1997,8.3,134,"Animation, Action, Adventure"
114,Toy Story 3,2010,8.3,103,"Animation, Adventure, Comedy"
115,The Sting,1973,8.3,129,"Comedy, Crime, Drama"
116,Vertigo,1958,8.3,128,"Mystery, Romance, Thriller"
117,To Kill a Mockingbird,1962,8.3,129,"Crime, Drama"
118,North by Northwest,1959,8.3,136,"Action, Adventure, Mystery"
119,Metropolis,1927,8.3,153,"Drama, Sci-Fi"
120,Singin' in the Rain,1952,8.3,103,"Comedy, Musical, Romance"
121,Jodaeiye Nader az Simin,2011,8.3,123,Drama
122,Dangal,2016,8.3,161,"Action, Biography, Drama"
123,Kantara,2022,8.3,148,"Action, Adventure, Drama"
124,Ikiru,1952,8.3,143,Drama
125,M - Eine Stadt sucht einen Mörder,1931,8.3,117,"Crime, Mystery, Thriller"
126,The Apartment,1960,8.3,125,"Comedy, Drama, Romance"
127,Judgment at Nuremberg,1961,8.3,179,"Drama, War"
128,Double Indemnity,1944,8.3,107,"Crime, Drama, Film-Noir"
129,Taare Zameen Par,2007,8.3,165,"Drama, Family"
130,Ladri di biciclette,1948,8.3,89,Drama
131,K.G.F: Chapter 2,2022,8.3,168,"Action, Crime, Drama"
132,Vikram,2022,8.3,175,"Action, Crime, Thriller"
133,Ratsasan,2018,8.3,170,"Action, Crime, Drama"
134,The Kid,1921,8.3,68,"Comedy, Drama, Family"
135,Shershaah,2021,8.3,135,"Action, Biography, Drama"
136,Ayla: The Daughter of War,2017,8.3,125,"Biography, Drama, History"
137,Chhichhore,2019,8.3,143,"Comedy, Drama, Romance"
138,Drishyam,2013,8.3,160,"Crime, Drama, Thriller"
139,John Wick: Chapter 4,2023,8.2,169,"Action, Crime, Thriller"
140,The Wolf of Wall Street,2013,8.2,180,"Biography, Comedy, Crime"
141,Spider-Man: No Way Home,2021,8.2,148,"Action, Adventure, Fantasy"
142,Jurassic Park,1993,8.2,127,"Action, Adventure, Sci-Fi"
143,Taxi Driver,1976,8.2,114,"Crime, Drama"
144,No Country for Old Men,2007,8.2,122,"Crime, Drama, Thriller"
145,Shutter Island,2010,8.2,138,"Mystery, Thriller"
146,Kill Bill: Vol. 1,2003,8.2,111,"Action, Crime, Drama"
147,Green Book,2018,8.2,130,"Biography, Comedy, Drama"
148,The Thing,1982,8.2,109,"Horror, Mystery, Sci-Fi"
149,The Sixth Sense,1999,8.2,107,"Drama, Mystery, Thriller"
150,The Truman Show,1998,8.2,103,"Comedy, Drama"
151,There Will Be Blood,2007,8.2,158,Drama
152,Casino,1995,8.2,178,"Crime, Drama"
153,Snatch,2000,8.2,104,"Comedy, Crime"
154,1917,2019,8.2,119,"Action, Drama, War"
155,Batman Begins,2005,8.2,140,"Action, Crime, Drama"
156,Hauru no ugoku shiro,2004,8.2,119,"Animation, Adventure, Family"
157,Unforgiven,1992,8.2,130,"Drama, Western"
158,Finding Nemo,2003,8.2,100,"Animation, Adventure, Comedy"
159,L.A. Confidential,1997,8.2,138,"Crime, Drama, Mystery"
160,A Beautiful Mind,2001,8.2,135,"Biography, Drama"
161,Indiana Jones and the Last Crusade,1989,8.2,127,"Action, Adventure"
162,Die Hard,1988,8.2,132,"Action, Thriller"
163,V for Vendetta,2005,8.2,132,"Action, Drama, Sci-Fi"
164,The Father(I),I 2020,8.2,97,"Drama, Mystery"
165,Pan's Labyrinth,2006,8.2,118,"Drama, Fantasy, War"
166,Chinatown,1974,8.2,130,"Drama, Mystery, Thriller"
167,Gone with the Wind,1939,8.2,238,"Drama, Romance, War"
168,Warrior,2011,8.2,140,"Action, Drama, Sport"
169,Der Untergang,2004,8.2,156,"Biography, Drama, History"
170,Kimetsu no Yaiba: Mugen Ressha-Hen,2020,8.2,117,"Animation, Action, Adventure"
171,Monty Python and the Holy Grail,1975,8.2,91,"Adventure, Comedy, Fantasy"
172,The Elephant Man,1980,8.2,124,"Biography, Drama"
173,Some Like It Hot,1959,8.2,121,"Comedy, Music, Romance"
174,Ran,1985,8.2,162,"Action, Drama, War"
175,El secreto de sus ojos,2009,8.2,129,"Drama, Mystery, Romance"
176,The Great Escape,1963,8.2,172,"Adventure, Drama, History"
177,Per qualche dollaro in più,1965,8.2,132,"Drama, Western"
178,Tumbbad,2018,8.2,104,"Drama, Fantasy, Horror"
179,Dial M for Murder,1954,8.2,105,"Crime, Thriller"
180,Drishyam 2,2022,8.2,140,"Crime, Drama, Mystery"
181,All About Eve,1950,8.2,138,Drama
182,The Treasure of the Sierra Madre,1948,8.2,126,"Adventure, Drama, Western"
183,Klaus,2019,8.2,96,"Animation, Adventure, Comedy"
184,Rashômon,1950,8.2,88,"Crime, Drama, Mystery"
185,Miracle in Cell No. 7,2019,8.2,132,Drama
186,Yôjinbô,1961,8.2,110,"Action, Drama, Thriller"
187,Andhadhun,2018,8.2,139,"Crime, Mystery, Thriller"
188,Drishyam,2015,8.2,163,"Crime, Drama, Mystery"
189,Tôkyô monogatari,1953,8.2,136,Drama
190,Zindagi Na Milegi Dobara,2011,8.2,155,"Comedy, Drama, Musical"
191,Bacheha-Ye aseman,1997,8.2,89,"Drama, Family, Sport"
192,Z,1969,8.2,127,"Crime, Drama, Thriller"
193,Rangasthalam,2018,8.2,170,"Action, Drama"
194,Le salaire de la peur,1953,8.2,131,"Adventure, Drama, Thriller"
195,K.G.F: Chapter 1,2018,8.2,156,"Action, Crime, Drama"
196,Dersu Uzala,1975,8.2,142,"Adventure, Biography, Drama"
197,"Swades: We, the People",2004,8.2,210,"Drama, Musical"
198,Babam ve Oglum,2005,8.2,112,"Drama, Family"
199,La passion de Jeanne d'Arc,1928,8.2,110,"Biography, Drama, History"
200,Pather Panchali,1955,8.2,125,Drama
201,To Be or Not to Be,1942,8.2,99,"Comedy, Romance, War"
202,Baahubali 2: The Conclusion,2017,8.2,167,"Action, Drama"
203,Gangs of Wasseypur,2012,8.2,321,"Action, Comedy, Crime"
204,Sherlock Jr.,1924,8.2,45,"Action, Comedy, Romance"
205,Vikram Vedha,2017,8.2,147,"Action, Crime, Drama"
206,Uri: The Surgical Strike,2019,8.2,138,"Action, Drama, History"
207,Umberto D.,1952,8.2,89,Drama
208,Bhaag Milkha Bhaag,2013,8.2,186,"Biography, Drama, Sport"
209,Paan Singh Tomar,2012,8.2,135,"Action, Biography, Crime"
210,The Big Lebowski,1998,8.1,117,"Comedy, Crime"
211,Prisoners,2013,8.1,153,"Crime, Drama, Mystery"
212,The Help,2011,8.1,146,Drama
213,Mad Max: Fury Road,2015,8.1,120,"Action, Adventure, Sci-Fi"
214,The Grand Budapest Hotel,2014,8.1,99,"Adventure, Comedy, Crime"
215,Pirates of the Caribbean: The Curse of the Black Pearl,2003,8.1,143,"Action, Adventure, Fantasy"
216,The Exorcist,1973,8.1,122,Horror
217,Blade Runner,1982,8.1,117,"Action, Drama, Sci-Fi"
218,Gone Girl,2014,8.1,149,"Drama, Mystery, Thriller"
219,Stand by Me,1986,8.1,89,"Adventure, Drama"
220,Rocky,1976,8.1,120,"Drama, Sport"
221,The Terminator,1984,8.1,107,"Action, Sci-Fi"
222,Catch Me If You Can,2002,8.1,141,"Biography, Crime, Drama"
223,Harry Potter and the Deathly Hallows: Part 2,2011,8.1,130,"Adventure, Family, Fantasy"
224,Ford v Ferrari,2019,8.1,152,"Action, Biography, Drama"
225,Ah-ga-ssi,2016,8.1,145,"Drama, Romance, Thriller"
226,Hacksaw Ridge,2016,8.1,139,"Biography, Drama, History"
227,Ratatouille,2007,8.1,111,"Animation, Adventure, Comedy"
228,Cool Hand Luke,1967,8.1,127,"Crime, Drama"
229,How to Train Your Dragon,2010,8.1,98,"Animation, Action, Adventure"
230,Jaws,1975,8.1,124,"Adventure, Mystery, Thriller"
231,Trainspotting,1996,8.1,93,Drama
232,Dead Poets Society,1989,8.1,128,"Comedy, Drama"
233,Logan,2017,8.1,137,"Action, Drama, Sci-Fi"
234,Fargo,1996,8.1,98,"Crime, Thriller"
235,The Wizard of Oz,1939,8.1,102,"Adventure, Family, Fantasy"
236,"Three Billboards Outside Ebbing, Missouri",2017,8.1,115,"Comedy, Crime, Drama"
237,Inside Out(I),I 2015,8.1,95,"Animation, Adventure, Comedy"
238,"Lock, Stock and Two Smoking Barrels",1998,8.1,107,"Action, Comedy, Crime"
239,Gran Torino,2008,8.1,116,Drama
240,Into the Wild,2007,8.1,148,"Adventure, Biography, Drama"
241,The Sound of Music,1965,8.1,172,"Biography, Drama, Family"
242,Room(I),I 2015,8.1,118,"Drama, Thriller"
243,Salinui chueok,2003,8.1,131,"Crime, Drama, Mystery"
244,Spotlight(I),I 2015,8.1,129,"Biography, Crime, Drama"
245,Ben-Hur,1959,8.1,212,"Adventure, Drama"
246,"Monsters, Inc.",2001,8.1,92,"Animation, Adventure, Comedy"
247,The Deer Hunter,1978,8.1,183,"Drama, War"
248,Raging Bull,1980,8.1,129,"Biography, Drama, Sport"
249,Before Sunrise,1995,8.1,101,"Drama, Romance"
250,Stalker,1979,8.1,162,"Drama, Sci-Fi"
251,Platoon,1986,8.1,120,"Drama, War"
252,12 Years a Slave,2013,8.1,134,"Biography, Drama, History"
253,Portrait de la jeune fille en feu,2019,8.1,122,"Drama, Romance"
254,Rush(I),I 2013,8.1,123,"Action, Biography, Drama"
255,Barry Lyndon,1975,8.1,185,"Adventure, Drama, War"
256,Million Dollar Baby,2004,8.1,132,"Drama, Sport"
257,Tonari no Totoro,1988,8.1,86,"Animation, Comedy, Family"
258,Fa Yeung Nin Wah,2000,8.1,98,"Drama, Romance"
259,Koe no katachi,2016,8.1,130,"Animation, Drama"
260,Relatos salvajes,2014,8.1,122,"Comedy, Drama, Thriller"
261,La haine,1995,8.1,98,"Crime, Drama"
262,Hachi: A Dog's Tale,2009,8.1,93,"Biography, Drama, Family"
263,"Paris, Texas",1984,8.1,145,Drama
264,Network,1976,8.1,121,Drama
265,Before Sunset,2004,8.1,80,"Drama, Romance"
266,Det sjunde inseglet,1957,8.1,96,"Drama, Fantasy"
267,The Iron Giant,1999,8.1,86,"Animation, Action, Adventure"
268,In the Name of the Father,1993,8.1,133,"Biography, Crime, Drama"
269,All Quiet on the Western Front,1930,8.1,152,"Drama, War"
270,The Bridge on the River Kwai,1957,8.1,161,"Adventure, Drama, War"
271,Amores perros,2000,8.1,154,"Drama, Thriller"
272,Rebecca,1940,8.1,130,"Drama, Film-Noir, Mystery"
273,The Man Who Shot Liberty Valance,1962,8.1,123,"Drama, Western"
274,Hotel Rwanda,2004,8.1,121,"Biography, Drama, History"
275,Persona,1966,8.1,85,"Drama, Thriller"
276,The Third Man,1949,8.1,104,"Film-Noir, Mystery, Thriller"
277,On the Waterfront,1954,8.1,108,"Crime, Drama, Thriller"
278,Festen,1998,8.1,105,Drama
279,The Best Years of Our Lives,1946,8.1,170,"Drama, Romance, War"
280,"Shin seiki Evangelion Gekijô-ban: Air/Magokoro wo, kimi ni",1997,8.1,87,"Animation, Action, Drama"
281,Mary and Max.,2009,8.1,92,"Animation, Comedy, Drama"
282,Trois couleurs: Rouge,1994,8.1,99,"Drama, Mystery, Romance"
283,The Message,1976,8.1,177,"Biography, Drama, History"
284,Paper Moon,1973,8.1,102,"Comedy, Crime, Drama"
285,The Grapes of Wrath,1940,8.1,129,Drama
286,Les quatre cents coups,1959,8.1,99,"Crime, Drama"
287,PK,2014,8.1,153,"Comedy, Drama, Sci-Fi"
288,It Happened One Night,1934,8.1,105,"Comedy, Romance"
289,Fanny och Alexander,1982,8.1,188,Drama
290,Yi yi,2000,8.1,173,"Drama, Romance"
291,Bajrangi Bhaijaan,2015,8.1,163,"Action, Adventure, Comedy"
292,Andrei Rublev,1966,8.1,205,"Biography, Drama, History"
293,Sunrise: A Song of Two Humans,1927,8.1,94,"Drama, Romance"
294,Smultronstället,1957,8.1,91,"Drama, Romance"
295,A Woman Under the Influence,1974,8.1,155,"Drama, Romance"
296,White Heat,1949,8.1,114,"Action, Crime, Drama"
297,Underground,1995,8.1,170,"Comedy, Drama, Fantasy"
298,Mr. Smith Goes to Washington,1939,8.1,129,"Comedy, Drama"
299,Ba wang bie ji,1993,8.1,171,"Drama, Music, Romance"
300,Ôkami kodomo no Ame to Yuki,2012,8.1,117,"Animation, Drama, Family"
301,Kis Uykusu,2014,8.1,196,Drama
302,The Red Shoes,1948,8.1,135,"Drama, Music, Romance"
303,La battaglia di Algeri,1966,8.1,121,"Drama, War"
304,The General,1926,8.1,67,"Action, Adventure, Comedy"
305,Lagaan: Once Upon a Time in India,2001,8.1,224,"Drama, Musical, Sport"
306,Les diaboliques,1955,8.1,117,"Crime, Drama, Horror"
307,Kakushi-toride no san-akunin,1958,8.1,139,"Action, Adventure, Drama"
308,The Gold Rush,1925,8.1,95,"Adventure, Comedy, Drama"
309,Kumonosu-jô,1957,8.1,110,Drama
310,Inherit the Wind,1960,8.1,128,"Biography, Drama, History"
311,Masaan,2015,8.1,109,Drama
312,Dil Chahta Hai,2001,8.1,183,"Comedy, Drama, Romance"
313,Jungfrukällan,1960,8.1,89,Drama
314,Le notti di Cabiria,1957,8.1,110,Drama
315,Dom za vesanje,1988,8.1,142,"Comedy, Crime, Drama"
316,Ace in the Hole,1951,8.1,111,"Drama, Film-Noir"
317,Da hong denglong gaogao gua,1991,8.1,125,"Drama, Romance"
318,A Wednesday,2008,8.1,104,"Action, Crime, Drama"
319,La Grande Illusion,1937,8.1,113,"Drama, War"
320,Rang De Basanti,2006,8.1,167,"Comedy, Crime, Drama"
321,Höstsonaten,1978,8.1,99,"Drama, Music"
322,Du rififi chez les hommes,1955,8.1,118,"Crime, Drama, Thriller"
323,Queen,2013,8.1,146,"Adventure, Comedy, Drama"
324,Barfi!,2012,8.1,151,"Comedy, Drama, Romance"
325,Talvar,2015,8.1,132,"Crime, Drama, Mystery"
326,Udaan,2010,8.1,134,Drama
327,Black,2005,8.1,122,Drama
328,Chak De! India,2007,8.1,153,"Drama, Family, Sport"
329,Pink(III),III 2016,8.1,136,"Crime, Drama, Thriller"
330,Mandariinid,2013,8.1,87,"Drama, War"
331,The Circus,1928,8.1,72,"Comedy, Family, Romance"
332,Jean de Florette,1986,8.1,120,"Comedy, Drama"
333,Article 15,2019,8.1,130,"Crime, Drama, Mystery"
334,Eskiya,1996,8.1,128,"Crime, Drama, Thriller"
335,Sarfarosh,1999,8.1,174,"Action, Drama, Thriller"
336,Sholay,1975,8.1,204,"Action, Adventure, Comedy"
337,Munna Bhai M.B.B.S.,2003,8.1,156,"Comedy, Drama"
338,Hera Pheri,2000,8.1,156,"Action, Comedy, Crime"
339,Kahaani,2012,8.1,122,"Mystery, Thriller"
340,OMG: Oh My God!,2012,8.1,125,"Comedy, Drama, Fantasy"
341,Anand,1971,8.1,122,"Drama, Musical"
342,Her Sey Çok Güzel Olacak,1998,8.1,107,"Comedy, Drama, Thriller"
343,Dune: Part One,2021,8.0,155,"Action, Adventure, Drama"
344,Blade Runner 2049,2017,8.0,164,"Action, Drama, Mystery"
345,Guardians of the Galaxy,2014,8.0,121,"Action, Adventure, Comedy"
346,Black Swan,2010,8.0,108,"Drama, Thriller"
347,The Princess Bride,1987,8.0,98,"Adventure, Comedy, Family"
348,Her,2013,8.0,126,"Drama, Romance, Sci-Fi"
349,Rio Bravo,1959,8.0,141,Western
350,Dog Day Afternoon,1975,8.0,125,"Biography, Crime, Drama"
351,The Martian,2015,8.0,144,"Adventure, Drama, Sci-Fi"
352,Donnie Darko,2001,8.0,113,"Drama, Mystery, Sci-Fi"
353,La La Land,2016,8.0,128,"Comedy, Drama, Music"
354,Deadpool,2016,8.0,108,"Action, Comedy"
355,Zootopia,2016,8.0,108,"Animation, Adventure, Comedy"
356,The Avengers,2012,8.0,143,"Action, Sci-Fi"
357,Zack Snyder's Justice League,2021,8.0,242,"Action, Adventure, Fantasy"
358,Sin City,2005,8.0,124,"Crime, Thriller"
359,The Incredibles,2004,8.0,115,"Animation, Action, Adventure"
360,Planet of the Apes,1968,8.0,112,"Adventure, Sci-Fi"
361,What Ever Happened to Baby Jane?,1962,8.0,134,"Drama, Horror, Thriller"
362,Casino Royale,2006,8.0,144,"Action, Adventure, Thriller"
363,CODA,2021,8.0,111,"Comedy, Drama, Music"
364,The Revenant,2015,8.0,156,"Action, Adventure, Drama"
365,The Pursuit of Happyness,2006,8.0,117,"Biography, Drama"
366,Who's Afraid of Virginia Woolf?,1966,8.0,131,Drama
367,The Bourne Ultimatum,2007,8.0,115,"Action, Mystery, Thriller"
368,Scent of a Woman,1992,8.0,156,Drama
369,The Imitation Game,2014,8.0,114,"Biography, Drama, Thriller"
370,The Graduate,1967,8.0,106,"Comedy, Drama, Romance"
371,Aladdin,1992,8.0,90,"Animation, Adventure, Comedy"
372,Groundhog Day,1993,8.0,101,"Comedy, Drama, Fantasy"
373,Dogville,2003,8.0,178,"Crime, Drama"
374,Twelve Monkeys,1995,8.0,129,"Mystery, Sci-Fi, Thriller"
375,The Maltese Falcon,1941,8.0,100,"Crime, Film-Noir, Mystery"
376,Rain Man,1988,8.0,133,Drama
377,Dances with Wolves,1990,8.0,181,"Adventure, Drama, Western"
378,Beauty and the Beast,1991,8.0,84,"Animation, Family, Fantasy"
379,Big Fish,2003,8.0,125,"Adventure, Drama, Fantasy"
380,Soul,2020,8.0,100,"Animation, Adventure, Comedy"
381,Kill Bill: Vol. 2,2004,8.0,137,"Action, Crime, Thriller"
382,Magnolia,1999,8.0,188,Drama
383,Rosemary's Baby,1968,8.0,137,"Drama, Horror"
384,Butch Cassidy and the Sundance Kid,1969,8.0,110,"Biography, Crime, Drama"
385,Blood Diamond,2006,8.0,143,"Adventure, Drama, Thriller"
386,Slumdog Millionaire,2008,8.0,120,"Crime, Drama, Romance"
387,Pâfekuto burû,1997,8.0,81,"Animation, Crime, Drama"
388,Life of Brian,1979,8.0,94,Comedy
389,Akira,1988,8.0,124,"Animation, Action, Drama"
390,JFK,1991,8.0,189,"Drama, History, Thriller"
391,Contratiempo,2016,8.0,106,"Crime, Drama, Mystery"
392,The King's Speech,2010,8.0,118,"Biography, Drama, History"
393,Do the Right Thing,1989,8.0,120,"Comedy, Drama"
394,Young Frankenstein,1974,8.0,106,Comedy
395,Lion,2016,8.0,118,"Biography, Drama"
396,Papillon,1973,8.0,151,"Biography, Crime, Drama"
397,Ip Man,2008,8.0,106,"Action, Biography, Drama"
398,Chung Hing sam lam,1994,8.0,102,"Comedy, Crime, Drama"
399,Annie Hall,1977,8.0,93,"Comedy, Romance"
400,Sling Blade,1996,8.0,135,Drama
401,Fiddler on the Roof,1971,8.0,181,"Drama, Family, Musical"
402,Bãhubali: The Beginning,2015,8.0,159,"Action, Drama"
403,Cinderella Man,2005,8.0,144,"Biography, Drama, Romance"
404,High Noon,1952,8.0,85,"Drama, Thriller, Western"
405,The Last Picture Show,1971,8.0,118,"Drama, Romance"
406,Roman Holiday,1953,8.0,118,"Comedy, Romance"
407,8½,1963,8.0,138,Drama
408,Tenkû no shiro Rapyuta,1986,8.0,125,"Animation, Adventure, Family"
409,Sweet Smell of Success,1957,8.0,96,"Drama, Film-Noir"
410,Pink Floyd: The Wall,1982,8.0,95,"Drama, Fantasy, Music"
411,Being There,1979,8.0,130,"Comedy, Drama"
412,Solaris,1972,8.0,167,"Drama, Mystery, Sci-Fi"
413,Kaze no tani no Naushika,1984,8.0,117,"Animation, Adventure, Sci-Fi"
414,La dolce vita,1960,8.0,174,"Comedy, Drama"
415,Mommy(I),I 2014,8.0,139,Drama
416,Der Himmel über Berlin,1987,8.0,128,"Drama, Fantasy, Romance"
417,Gandhi,1982,8.0,191,"Biography, Drama, History"
418,Das Cabinet des Dr. Caligari,1920,8.0,76,"Horror, Mystery, Thriller"
419,The Straight Story,1999,8.0,112,"Biography, Drama"
420,The Night of the Hunter,1955,8.0,92,"Crime, Drama, Film-Noir"
421,WolfWalkers,2020,8.0,103,"Animation, Action, Adventure"
422,La leggenda del pianista sull'oceano,1998,8.0,169,"Drama, Music, Romance"
423,Mou gaan dou,2002,8.0,101,"Action, Crime, Drama"
424,Il gattopardo,1963,8.0,186,"Drama, History"
425,Zerkalo,1975,8.0,107,"Biography, Drama"
426,Secrets & Lies,1996,8.0,136,"Comedy, Drama"
427,Touch of Evil,1958,8.0,95,"Crime, Drama, Film-Noir"
428,Anatomy of a Murder,1959,8.0,161,"Drama, Mystery"
429,Out of the Past,1947,8.0,97,"Crime, Drama, Film-Noir"
430,The Hustler,1961,8.0,134,"Drama, Sport"
431,Fitzcarraldo,1982,8.0,158,"Adventure, Drama"
432,Song of the Sea,2014,8.0,93,"Animation, Adventure, Drama"
433,Kaguya-hime no monogatari,2013,8.0,137,"Animation, Drama, Family"
434,Tropa de Elite,2007,8.0,115,"Action, Crime, Drama"
435,Stalag 17,1953,8.0,120,"Comedy, Drama, War"
436,Le scaphandre et le papillon,2007,8.0,112,"Biography, Drama"
437,Yeopgijeogin geunyeo,2001,8.0,137,"Comedy, Drama, Romance"
438,Mar adentro(I),I 2004,8.0,126,"Biography, Drama"
439,Nostalgia,1983,8.0,125,Drama
440,Okuribito,2008,8.0,130,Drama
441,Persepolis,2007,8.0,96,"Animation, Biography, Drama"
442,Le Samouraï,1967,8.0,105,"Crime, Drama"
443,Dare mo shiranai,2004,8.0,141,Drama
444,"Crna macka, beli macor",1998,8.0,127,"Comedy, Crime, Romance"
445,Sleuth,1972,8.0,138,"Mystery, Thriller"
446,Ahlat Agaci,2018,8.0,188,Drama
447,Brief Encounter,1945,8.0,86,"Drama, Romance"
448,Dilwale Dulhania Le Jayenge,1995,8.0,189,"Drama, Romance"
449,Bom yeoreum gaeul gyeoul geurigo bom,2003,8.0,103,"Drama, Romance"
450,Au revoir les enfants,1987,8.0,104,"Drama, War"
451,La Strada,1954,8.0,108,Drama
452,"Quo vadis, Aida?",2020,8.0,101,"Drama, History, War"
453,Viskningar och rop,1972,8.0,91,Drama
454,Ivanovo detstvo,1962,8.0,95,"Drama, War"
455,G.O.R.A.,2004,8.0,127,"Adventure, Comedy, Sci-Fi"
456,El ángel exterminador,1962,8.0,95,"Drama, Fantasy"
457,Tropa de Elite 2: O Inimigo Agora é Outro,2010,8.0,115,"Action, Crime, Drama"
458,The Shop Around the Corner,1940,8.0,99,"Comedy, Drama, Romance"
459,Taegukgi hwinalrimyeo,2004,8.0,140,"Action, Drama, War"
460,Central do Brasil,1998,8.0,110,Drama
461,Haider,2014,8.0,160,"Action, Crime, Drama"
462,Kind Hearts and Coronets,1949,8.0,106,"Comedy, Crime"
463,Sanjuro,1962,8.0,96,"Action, Drama, Thriller"
464,Roma città aperta,1945,8.0,103,"Drama, Thriller, War"
465,Nattvardsgästerna,1963,8.0,81,Drama
466,Lage Raho Munna Bhai,2006,8.0,144,"Comedy, Drama, Romance"
467,Vizontele,2001,8.0,110,"Comedy, Drama"
468,Andaz Apna Apna,1994,8.0,160,"Action, Comedy, Romance"
469,Nefes: Vatan Sagolsun,2009,8.0,128,"Action, Drama, Thriller"
470,Special Chabbis,2013,8.0,144,"Crime, Drama, Thriller"
471,Everything Everywhere All at Once,2022,7.9,139,"Action, Adventure, Comedy"
472,Puss in Boots: The Last Wish,2022,7.9,102,"Animation, Adventure, Comedy"
473,Titanic,1997,7.9,194,"Drama, Romance"
474,Knives Out,2019,7.9,130,"Comedy, Crime, Drama"
475,Avatar,2009,7.9,162,"Action, Adventure, Fantasy"
476,Mulholland Dr.,2001,7.9,147,"Drama, Mystery, Thriller"
477,Bohemian Rhapsody,2018,7.9,134,"Biography, Drama, Music"
478,The Bourne Identity,2002,7.9,119,"Action, Mystery, Thriller"
479,Harry Potter and the Prisoner of Azkaban,2004,7.9,142,"Adventure, Family, Fantasy"
480,Boogie Nights,1997,7.9,155,Drama
481,Arrival(II),II 2016,7.9,116,"Drama, Mystery, Sci-Fi"
482,Iron Man,2008,7.9,126,"Action, Adventure, Sci-Fi"
483,In Bruges,2008,7.9,107,"Comedy, Crime, Drama"
484,Shrek,2001,7.9,90,"Animation, Adventure, Comedy"
485,Jojo Rabbit,2019,7.9,108,"Comedy, Drama, War"
486,The Ten Commandments,1956,7.9,220,"Adventure, Drama, Family"
487,The Perks of Being a Wallflower,2012,7.9,103,Drama
488,Edge of Tomorrow,2014,7.9,113,"Action, Adventure, Sci-Fi"
489,Almost Famous,2000,7.9,122,"Adventure, Comedy, Drama"
490,Fantastic Mr. Fox,2009,7.9,87,"Animation, Adventure, Comedy"
491,True Romance,1993,7.9,119,"Crime, Drama, Romance"
492,Star Trek,2009,7.9,127,"Action, Adventure, Sci-Fi"
493,Children of Men,2006,7.9,109,"Action, Drama, Sci-Fi"
494,Wonder(I),I 2017,7.9,113,"Drama, Family"
495,E.T. the Extra-Terrestrial,1982,7.9,115,"Adventure, Family, Sci-Fi"
496,The Big Sleep,1946,7.9,114,"Crime, Film-Noir, Mystery"
497,District 9,2009,7.9,112,"Action, Sci-Fi, Thriller"
498,Thor: Ragnarok,2017,7.9,130,"Action, Adventure, Comedy"
499,Shaun of the Dead,2004,7.9,99,"Comedy, Horror"
500,Mystic River,2003,7.9,138,"Crime, Drama, Mystery"
501,X-Men: Days of Future Past,2014,7.9,132,"Action, Adventure, Sci-Fi"
502,Marriage Story,2019,7.9,137,"Drama, Romance"
503,Life of Pi,2012,7.9,127,"Adventure, Drama, Fantasy"
504,The Blues Brothers,1980,7.9,133,"Action, Adventure, Comedy"
505,Edward Scissorhands,1990,7.9,105,"Drama, Fantasy, Romance"
506,The Wild Bunch,1969,7.9,145,"Action, Adventure, Drama"
507,Dallas Buyers Club,2013,7.9,117,"Biography, Drama"
508,The Man from Earth,2007,7.9,87,"Drama, Fantasy, Mystery"
509,This Is Spinal Tap,1984,7.9,82,"Comedy, Music"
510,The Searchers,1956,7.9,119,"Adventure, Drama, Western"
511,Boyhood(I),I 2014,7.9,165,Drama
512,Wo hu cang long,2000,7.9,120,"Action, Adventure, Drama"
513,Mildred Pierce,1945,7.9,111,"Crime, Drama, Film-Noir"
514,Spartacus,1960,7.9,197,"Adventure, Biography, Drama"
515,The Wrestler,2008,7.9,109,"Drama, Sport"
516,Toy Story 2,1999,7.9,92,"Animation, Adventure, Comedy"
517,Carlito's Way,1993,7.9,144,"Crime, Drama, Thriller"
518,Brazil,1985,7.9,132,"Drama, Sci-Fi"
519,All the President's Men,1976,7.9,138,"Drama, History, Thriller"
520,Charade,1963,7.9,113,"Comedy, Mystery, Romance"
521,A Streetcar Named Desire,1951,7.9,122,Drama
522,The Nightmare Before Christmas,1993,7.9,76,"Animation, Family, Fantasy"
523,Nosferatu,1922,7.9,94,"Fantasy, Horror"
524,The Manchurian Candidate,1962,7.9,126,"Drama, Thriller"
525,Låt den rätte komma in,2008,7.9,114,"Drama, Fantasy, Horror"
526,Per un pugno di dollari,1964,7.9,99,"Action, Drama, Western"
527,Serbuan maut 2: Berandal,2014,7.9,150,"Action, Crime, Thriller"
528,Strangers on a Train,1951,7.9,101,"Crime, Drama, Film-Noir"
529,Kôkaku kidôtai,1995,7.9,83,"Animation, Action, Crime"
530,Doctor Zhivago,1965,7.9,197,"Drama, Romance, War"
531,Bound by Honor,1993,7.9,180,"Crime, Drama"
532,Before Midnight,2013,7.9,109,"Drama, Romance"
533,Sing Street,2016,7.9,106,"Comedy, Drama, Music"
534,Dancer in the Dark,2000,7.9,140,"Crime, Drama, Musical"
535,Letters from Iwo Jima,2006,7.9,141,"Action, Adventure, Drama"
536,Ying xiong,2002,7.9,120,"Action, Adventure, Drama"
537,Trois couleurs: Bleu,1993,7.9,94,"Drama, Music, Mystery"
538,King Kong,1933,7.9,100,"Adventure, Horror, Sci-Fi"
539,The Artist(I),I 2011,7.9,100,"Comedy, Drama, Romance"
540,Harold and Maude,1971,7.9,91,"Comedy, Drama, Romance"
541,Patton,1970,7.9,172,"Biography, Drama, War"
542,Once Were Warriors,1994,7.9,102,"Crime, Drama"
543,In the Heat of the Night,1967,7.9,110,"Drama, Mystery, Thriller"
544,Manbiki kazoku,2018,7.9,121,"Crime, Drama, Thriller"
545,Togo,2019,7.9,113,"Adventure, Biography, Drama"
546,A Christmas Story,1983,7.9,93,"Comedy, Family"
547,Taeksi woonjunsa,2017,7.9,137,"Action, Drama, History"
548,The Killing,1956,7.9,84,"Crime, Drama, Film-Noir"
549,The Lion in Winter,1968,7.9,134,"Biography, Drama, History"
550,Mimi wo sumaseba,1995,7.9,111,"Animation, Drama, Family"
551,Notorious,1946,7.9,102,"Drama, Film-Noir, Romance"
552,Cat on a Hot Tin Roof,1958,7.9,108,Drama
553,Rope,1948,7.9,80,"Crime, Drama, Mystery"
554,Arsenic and Old Lace,1944,7.9,118,"Comedy, Crime, Thriller"
555,The Philadelphia Story,1940,7.9,112,"Comedy, Romance"
556,Harvey,1950,7.9,104,"Comedy, Drama, Fantasy"
557,Short Term 12,2013,7.9,96,Drama
558,Amour,2012,7.9,127,Drama
559,The Adventures of Robin Hood,1938,7.9,102,"Action, Adventure, Romance"
560,Hable con ella,2002,7.9,112,"Drama, Mystery, Romance"
561,Il conformista,1970,7.9,113,Drama
562,Bin-jip,2004,7.9,88,"Crime, Drama, Romance"
563,In a Lonely Place,1950,7.9,94,"Drama, Film-Noir, Mystery"
564,Amarcord,1973,7.9,123,"Comedy, Drama"
565,Gegen die Wand,2004,7.9,121,"Drama, Romance"
566,My Name Is Khan,2010,7.9,165,"Adventure, Drama, Romance"
567,Laura,1944,7.9,88,"Drama, Film-Noir, Mystery"
568,Vozvrashchenie,2003,7.9,110,Drama
569,The Thin Man,1934,7.9,91,"Comedy, Crime, Mystery"
570,In Cold Blood,1967,7.9,134,"Biography, Crime, Drama"
571,Sacrifice,1986,7.9,149,Drama
572,Kal Ho Naa Ho,2003,7.9,186,"Comedy, Drama, Musical"
573,Kagemusha,1980,7.9,180,"Drama, History, War"
574,"4 luni, 3 saptamâni si 2 zile",2007,7.9,113,Drama
575,The Lost Weekend,1945,7.9,101,"Drama, Film-Noir"
576,Bronenosets Potemkin,1925,7.9,75,"Drama, History, Thriller"
577,Gully Boy,2019,7.9,154,"Drama, Music, Romance"
578,Nueve reinas,2000,7.9,114,"Crime, Drama, Thriller"
579,Miracle on 34th Street,1947,7.9,96,"Comedy, Drama, Family"
580,Ascenseur pour l'échafaud,1958,7.9,91,"Crime, Drama, Thriller"
581,Le cercle rouge,1970,7.9,140,"Crime, Drama, Thriller"
582,Jab We Met,2007,7.9,138,"Comedy, Drama, Romance"
583,Hiroshima mon amour,1959,7.9,90,"Drama, Romance"
584,Darbareye Elly,2009,7.9,119,"Drama, Mystery"
585,Hoje Eu Quero Voltar Sozinho,2014,7.9,96,"Drama, Romance"
586,Super 30,2019,7.9,154,"Biography, Drama"
587,The Big Heat,1953,7.9,89,"Crime, Film-Noir, Thriller"
588,Såsom i en spegel,1961,7.9,90,Drama
589,No Man's Land(I),I 2001,7.9,98,"Comedy, Drama, War"
590,C.R.A.Z.Y.,2005,7.9,129,"Comedy, Drama"
591,La Belle et la Bête,1946,7.9,96,"Drama, Fantasy, Romance"
592,Sullivan's Travels,1941,7.9,90,"Adventure, Comedy, Drama"
593,La règle du jeu,1939,7.9,110,"Comedy, Drama"
594,Dev.D,2009,7.9,144,"Comedy, Drama, Romance"
595,Baby(I),I 2015,7.9,159,"Action, Crime, Thriller"
596,M.S. Dhoni: The Untold Story,2016,7.9,184,"Biography, Drama, Sport"
597,Airlift,2016,7.9,130,"Action, Drama, History"
598,Padman,2018,7.9,140,"Comedy, Drama"
599,Badhaai ho,2018,7.9,124,"Comedy, Drama"
600,The Batman,2022,7.8,176,"Action, Crime, Drama"
601,Im Westen nichts Neues,2022,7.8,148,"Action, Drama, War"
602,The Gentlemen,2019,7.8,113,"Action, Comedy, Crime"
603,RRR (Rise Roar Revolt),2022,7.8,187,"Action, Drama"
604,Tombstone,1993,7.8,130,"Biography, Drama, History"
605,My Fair Lady,1964,7.8,170,"Drama, Family, Musical"
606,Pride & Prejudice,2005,7.8,129,"Drama, Romance"
607,The Notebook,2004,7.8,123,"Drama, Romance"
608,The Breakfast Club,1985,7.8,97,"Comedy, Drama"
609,Little Women,2019,7.8,135,"Drama, Romance"
610,The Fugitive,1993,7.8,130,"Action, Crime, Drama"
611,Rogue One,2016,7.8,133,"Action, Adventure, Sci-Fi"
612,Call Me by Your Name,2017,7.8,132,"Drama, Romance"
613,Drive(I),I 2011,7.8,100,"Action, Drama"
614,Ferris Bueller's Day Off,1986,7.8,103,Comedy
615,The Hobbit: An Unexpected Journey,2012,7.8,169,"Adventure, Fantasy"
616,The Irishman,2019,7.8,209,"Biography, Crime, Drama"
617,Star Wars: Episode VII - The Force Awakens,2015,7.8,138,"Action, Adventure, Sci-Fi"
618,The Big Short,2015,7.8,130,"Biography, Comedy, Drama"
619,The Social Network,2010,7.8,120,"Biography, Drama"
620,Dunkirk,2017,7.8,106,"Action, Drama, History"
621,Atonement,2007,7.8,123,"Drama, Mystery, Romance"
622,Nightcrawler,2014,7.8,117,"Crime, Drama, Thriller"
623,Apocalypto,2006,7.8,139,"Action, Adventure, Drama"
624,The Hateful Eight,2015,7.8,168,"Crime, Drama, Mystery"
625,Verdens verste menneske,2021,7.8,128,"Comedy, Drama, Romance"
626,About Time(I),I 2013,7.8,123,"Comedy, Drama, Fantasy"
627,Hidden Figures,2016,7.8,127,"Biography, Drama, History"
628,The Sandlot,1993,7.8,101,"Comedy, Drama, Family"
629,The Girl with the Dragon Tattoo,2011,7.8,158,"Crime, Drama, Mystery"
630,Little Miss Sunshine,2006,7.8,101,"Comedy, Drama"
631,Ghostbusters,1984,7.8,105,"Action, Comedy, Fantasy"
632,Hot Fuzz,2007,7.8,121,"Action, Comedy, Mystery"
633,Predator,1987,7.8,107,"Action, Adventure, Horror"
634,Willy Wonka & the Chocolate Factory,1971,7.8,100,"Family, Fantasy, Musical"
635,Cast Away,2000,7.8,143,"Adventure, Drama, Romance"
636,Remember the Titans,2000,7.8,113,"Biography, Drama, Sport"
637,La montaña sagrada,1973,7.8,114,"Adventure, Drama, Fantasy"
638,Captain America: Civil War,2016,7.8,147,"Action, Sci-Fi"
639,The Hobbit: The Desolation of Smaug,2013,7.8,161,Fantasy
640,The Curious Case of Benjamin Button,2008,7.8,166,"Drama, Fantasy, Romance"
641,Taken(I),I 2008,7.8,90,"Action, Crime, Thriller"
642,Manchester by the Sea,2016,7.8,137,Drama
643,American Gangster,2007,7.8,157,"Biography, Crime, Drama"
644,Back to the Future Part II,1989,7.8,108,"Adventure, Comedy, Sci-Fi"
645,Misery,1990,7.8,107,"Drama, Thriller"
646,The Last Samurai,2003,7.8,154,"Action, Drama"
647,The Untouchables,1987,7.8,119,"Crime, Drama, Thriller"
648,Skyfall,2012,7.8,143,"Action, Adventure, Thriller"
649,Boyz n the Hood,1991,7.8,112,"Crime, Drama"
650,A Bronx Tale,1993,7.8,121,"Crime, Drama"
651,Moonrise Kingdom,2012,7.8,94,"Comedy, Drama, Family"
652,Captain Fantastic,2016,7.8,118,"Comedy, Drama"
653,Captain America: The Winter Soldier,2014,7.8,136,"Action, Adventure, Sci-Fi"
654,Mary Poppins,1964,7.8,139,"Comedy, Family, Fantasy"
655,Ang-ma-reul bo-at-da,2010,7.8,144,"Action, Crime, Drama"
656,Midnight Cowboy,1969,7.8,113,Drama
657,To Have and Have Not,1944,7.8,100,"Adventure, Comedy, Film-Noir"
658,Thirteen Lives,2022,7.8,147,"Action, Adventure, Biography"
659,Awakenings,1990,7.8,121,"Biography, Drama"
660,Serenity,2005,7.8,119,"Action, Adventure, Sci-Fi"
661,Paddington 2,2017,7.8,103,"Adventure, Comedy, Family"
662,Big Hero 6,2014,7.8,102,"Animation, Action, Adventure"
663,Isle of Dogs,2018,7.8,101,"Animation, Adventure, Comedy"
664,How to Train Your Dragon 2,2014,7.8,102,"Animation, Action, Adventure"
665,Gattaca,1997,7.8,106,"Drama, Sci-Fi, Thriller"
666,The Outlaw Josey Wales,1976,7.8,135,Western
667,Walk the Line,2005,7.8,136,"Biography, Drama, Music"
668,Straight Outta Compton,2015,7.8,147,"Biography, Drama, History"
669,The Fighter(I),I 2010,7.8,116,"Action, Biography, Drama"
670,Moon,2009,7.8,97,"Drama, Mystery, Sci-Fi"
671,Captain Phillips,2013,7.8,134,"Action, Biography, Crime"
672,The Remains of the Day,1993,7.8,134,"Drama, Romance"
673,The Fall(I),I 2006,7.8,117,"Adventure, Drama, Fantasy"
674,Män som hatar kvinnor,2009,7.8,152,"Crime, Drama, Mystery"
675,Glory,1989,7.8,122,"Biography, Drama, History"
676,Dawn of the Dead,1978,7.8,127,"Horror, Thriller"
677,The Conversation,1974,7.8,113,"Drama, Mystery, Thriller"
678,Majo no takkyûbin,1989,7.8,103,"Animation, Family, Fantasy"
679,Cabaret,1972,7.8,124,"Drama, Music, Musical"
680,Hunt for the Wilderpeople,2016,7.8,101,"Adventure, Comedy, Drama"
681,Changeling,2008,7.8,141,"Biography, Crime, Drama"
682,The King of Comedy,1982,7.8,109,"Comedy, Crime, Drama"
683,The Insider,1999,7.8,157,"Biography, Drama, Thriller"
684,Mississippi Burning,1988,7.8,128,"Crime, Drama, Mystery"
685,Night of the Living Dead,1968,7.8,96,"Horror, Thriller"
686,La migliore offerta,2013,7.8,131,"Crime, Drama, Mystery"
687,October Sky,1999,7.8,108,"Biography, Drama, Family"
688,The Right Stuff,1983,7.8,193,"Adventure, Biography, Drama"
689,Once(I),I 2007,7.8,86,"Drama, Music, Romance"
690,Ed Wood,1994,7.8,127,"Biography, Comedy, Drama"
691,Gaslight,1944,7.8,114,"Crime, Drama, Mystery"
692,Kramer vs. Kramer,1979,7.8,105,Drama
693,The Killing Fields,1984,7.8,141,"Biography, Drama, History"
694,Freaks,1932,7.8,64,"Drama, Horror"
695,East of Eden,1955,7.8,118,Drama
696,Loving Vincent,2017,7.8,94,"Animation, Drama, Mystery"
697,Breaking the Waves,1996,7.8,159,Drama
698,Madeo,2009,7.8,129,"Crime, Drama, Mystery"
699,All That Jazz,1979,7.8,123,"Drama, Music, Musical"
700,Manhattan,1979,7.8,96,"Comedy, Drama, Romance"
701,My Left Foot: The Story of Christy Brown,1989,7.8,103,"Biography, Drama"
702,Pride(I),I 2014,7.8,119,"Biography, Comedy, Drama"
703,The Day the Earth Stood Still,1951,7.8,92,"Drama, Sci-Fi"
704,Frankenstein,1931,7.8,70,"Drama, Horror, Sci-Fi"
705,Chugyeokja,2008,7.8,125,"Action, Crime, Drama"
706,Days of Heaven,1978,7.8,94,"Drama, Romance"
707,The Day of the Jackal,1973,7.8,143,"Crime, Drama, Thriller"
708,Lilja 4-ever,2002,7.8,109,"Crime, Drama"
709,The World's Fastest Indian,2005,7.8,127,"Biography, Drama, Sport"
710,"Aguirre, der Zorn Gottes",1972,7.8,95,"Action, Adventure, Biography"
711,Hannah and Her Sisters,1986,7.8,107,"Comedy, Drama"
712,Stagecoach,1939,7.8,96,"Adventure, Drama, Western"
713,Jûbê ninpûchô,1993,7.8,94,"Animation, Action, Adventure"
714,Todo sobre mi madre,1999,7.8,101,Drama
715,Bringing Up Baby,1938,7.8,102,Comedy
716,Guess Who's Coming to Dinner,1967,7.8,108,"Comedy, Drama"
717,Das weiße Band - Eine deutsche Kindergeschichte,2009,7.8,144,"Drama, Mystery, Thriller"
718,Red River,1948,7.8,133,"Drama, Western"
719,Under sandet,2015,7.8,100,"Drama, History, War"
720,Un prophète,2009,7.8,155,"Crime, Drama"
721,The Man Who Would Be King,1975,7.8,129,"Adventure, War"
722,Bride of Frankenstein,1935,7.8,75,"Drama, Horror, Sci-Fi"
723,Shadow of a Doubt,1943,7.8,108,"Film-Noir, Thriller"
724,Duck Soup,1933,7.8,69,"Comedy, Musical"
725,"I, Daniel Blake",2016,7.8,100,Drama
726,You Can't Take It with You,1938,7.8,126,"Comedy, Drama, Romance"
727,His Girl Friday,1940,7.8,92,"Comedy, Drama, Romance"
728,Batman: Mask of the Phantasm,1993,7.8,76,"Animation, Action, Adventure"
729,The Lunchbox,2013,7.8,104,"Drama, Romance"
730,The Asphalt Jungle,1950,7.8,112,"Crime, Drama, Film-Noir"
731,Cowboy Bebop: Tengoku no tobira,2001,7.8,115,"Animation, Action, Crime"
732,The Lady Vanishes,1938,7.8,96,"Mystery, Thriller"
733,Le charme discret de la bourgeoisie,1972,7.8,102,Comedy
734,The Innocents,1961,7.8,100,Horror
735,Il postino,1994,7.8,108,"Biography, Comedy, Drama"
736,Les choristes,2004,7.8,97,"Comedy, Drama, Music"
737,Soshite chichi ni naru,2013,7.8,121,Drama
738,Dip huet seung hung,1989,7.8,111,"Action, Crime, Drama"
739,Tôkyô goddofâzâzu,2003,7.8,92,"Animation, Adventure, Comedy"
740,Les parapluies de Cherbourg,1964,7.8,91,"Drama, Musical, Romance"
741,Vivre sa vie: Film en douze tableaux,1962,7.8,80,Drama
742,Bir Zamanlar Anadolu'da,2011,7.8,157,"Crime, Drama, Thriller"
743,Sennen joyû,2001,7.8,87,"Animation, Drama, Fantasy"
744,Crimes and Misdemeanors,1989,7.8,104,"Comedy, Drama"
745,L'avventura,1960,7.8,144,"Drama, Mystery, Romance"
746,Knockin' on Heaven's Door,1997,7.8,87,"Action, Crime, Comedy"
747,A Night at the Opera,1935,7.8,96,"Comedy, Music, Musical"
748,Veer-Zaara,2004,7.8,192,"Drama, Family, Musical"
749,Hindi Medium,2017,7.8,132,"Comedy, Drama"
750,Vicky Donor,2012,7.8,126,"Comedy, Romance"
751,English Vinglish,2012,7.8,134,"Comedy, Drama, Family"
752,Avatar: The Way of Water,2022,7.7,192,"Action, Adventure, Fantasy"
753,The Whale,2022,7.7,117,Drama
754,The Banshees of Inisherin,2022,7.7,114,"Comedy, Drama"
755,Aftersun(II),II 2022,7.7,102,Drama
756,The Goonies,1985,7.7,114,"Adventure, Comedy, Family"
757,Evil Dead II,1987,7.7,84,"Comedy, Horror"
758,Get Out(I),I 2017,7.7,104,"Horror, Mystery, Thriller"
759,Ex Machina,2014,7.7,108,"Drama, Sci-Fi, Thriller"
760,The Hangover,2009,7.7,100,Comedy
761,Harry Potter and the Goblet of Fire,2005,7.7,157,"Adventure, Family, Fantasy"
762,Home Alone,1990,7.7,103,"Comedy, Family"
763,Mission: Impossible - Fallout,2018,7.7,147,"Action, Adventure, Thriller"
764,Airplane!,1980,7.7,88,Comedy
765,Kingsman: The Secret Service,2014,7.7,129,"Action, Adventure, Comedy"
766,Man on Fire,2004,7.7,146,"Action, Crime, Drama"
767,Zodiac,2007,7.7,157,"Crime, Drama, Mystery"
768,Ocean's Eleven,2001,7.7,116,"Crime, Thriller"
769,Blazing Saddles,1974,7.7,93,"Comedy, Western"
770,Bonnie and Clyde,1967,7.7,111,"Action, Biography, Crime"
771,Druk,2020,7.7,117,"Comedy, Drama"
772,La vie d'Adèle,2013,7.7,180,"Drama, Romance"
773,Black Hawk Down,2001,7.7,144,"Action, Drama, History"
774,The Count of Monte Cristo,2002,7.7,131,"Action, Adventure, Drama"
775,The Bourne Supremacy,2004,7.7,108,"Action, Mystery, Thriller"
776,Wind River,2017,7.7,107,"Crime, Drama, Mystery"
777,Blue Velvet,1986,7.7,120,"Crime, Drama, Mystery"
778,Detachment,2011,7.7,98,Drama
779,Lost in Translation,2003,7.7,102,"Comedy, Drama"
780,Primal Fear,1996,7.7,129,"Crime, Drama, Mystery"
781,Harry Potter and the Deathly Hallows: Part 1,2010,7.7,146,"Adventure, Family, Fantasy"
782,Brokeback Mountain,2005,7.7,134,"Drama, Romance"
783,The Lego Movie,2014,7.7,100,"Animation, Action, Adventure"
784,Coraline,2009,7.7,100,"Animation, Drama, Family"
785,Tangled,2010,7.7,100,"Animation, Adventure, Comedy"
786,The Magnificent Seven,1960,7.7,128,"Action, Adventure, Drama"
787,Deliverance,1972,7.7,109,"Adventure, Drama, Thriller"
788,The Game,1997,7.7,129,"Drama, Mystery, Thriller"
789,Days of Summer,2009,7.7,95,"Comedy, Drama, Romance"
790,Argo,2012,7.7,120,"Biography, Drama, Thriller"
791,X: First Class,2011,7.7,131,"Action, Sci-Fi"
792,Crash(I),I 2004,7.7,112,"Crime, Drama, Thriller"
793,Birdman or (The Unexpected Virtue of Ignorance),2014,7.7,119,"Comedy, Drama"
794,The Last of the Mohicans,1992,7.7,112,"Action, Adventure, Drama"
795,Y tu mamá también,2001,7.7,106,Drama
796,The Boy in the Striped Pajamas,2008,7.7,94,"Drama, War"
797,As Good as It Gets,1997,7.7,139,"Comedy, Drama, Romance"
798,Wait Until Dark,1967,7.7,108,Thriller
799,Road to Perdition,2002,7.7,117,"Crime, Drama, Thriller"
800,Empire of the Sun,1987,7.7,153,"Drama, War"
801,Happiness,1998,7.7,134,"Comedy, Drama"
802,What's Eating Gilbert Grape,1993,7.7,118,Drama
803,First Blood,1982,7.7,93,"Action, Adventure, Thriller"
804,A Few Good Men,1992,7.7,138,"Drama, Thriller"
805,Apollo 13(I),I 1995,7.7,140,"Adventure, Drama, History"
806,Training Day,2001,7.7,122,"Action, Crime, Drama"
807,Toy Story 4,2019,7.7,100,"Animation, Adventure, Comedy"
808,Silver Linings Playbook,2012,7.7,122,"Comedy, Drama, Romance"
809,Mr. Nobody,2009,7.7,141,"Drama, Fantasy, Romance"
810,En man som heter Ove,2015,7.7,116,"Comedy, Drama, Romance"
811,Who Framed Roger Rabbit,1988,7.7,104,"Animation, Adventure, Comedy"
812,Sense and Sensibility,1995,7.7,136,"Drama, Romance"
813,Midnight in Paris,2011,7.7,94,"Comedy, Fantasy, Romance"
814,The Boondock Saints,1999,7.7,108,"Action, Thriller"
815,Halloween,1978,7.7,91,"Horror, Thriller"
816,The Machinist,2004,7.7,101,"Drama, Thriller"
817,Wreck-It Ralph,2012,7.7,101,"Animation, Adventure, Comedy"
818,"O Brother, Where Art Thou?",2000,7.7,107,"Adventure, Comedy, Crime"
819,Gravity,2013,7.7,91,"Drama, Sci-Fi, Thriller"
820,The Trial of the Chicago 7,2020,7.7,129,"Drama, History, Thriller"
821,Being John Malkovich,1999,7.7,113,"Comedy, Drama, Fantasy"
822,Serpico,1973,7.7,130,"Biography, Crime, Drama"
823,Dirty Harry,1971,7.7,102,"Action, Crime, Thriller"
824,The Fault in Our Stars,2014,7.7,126,"Drama, Romance"
825,The Theory of Everything,2014,7.7,123,"Biography, Drama, Romance"
826,Sound of Metal,2019,7.7,120,"Drama, Music"
827,Adaptation.,2002,7.7,115,"Comedy, Drama"
828,Donnie Brasco,1997,7.7,127,"Biography, Crime, Drama"
829,3:10 to Yuma,2007,7.7,122,"Action, Crime, Drama"
830,Naked,1993,7.7,131,"Comedy, Drama"
831,Star Trek Into Darkness,2013,7.7,132,"Action, Adventure, Sci-Fi"
832,Clerks,1994,7.7,92,Comedy
833,When Harry Met Sally...,1989,7.7,95,"Comedy, Drama, Romance"
834,The Color Purple,1985,7.7,154,Drama
835,Glengarry Glen Ross,1992,7.7,100,"Crime, Drama, Mystery"
836,"South Park: Bigger, Longer & Uncut",1999,7.7,81,"Animation, Comedy, Fantasy"
837,Fried Green Tomatoes,1991,7.7,130,Drama
838,Der Name der Rose,1986,7.7,130,"Drama, Mystery, Thriller"
839,Philadelphia,1993,7.7,125,Drama
840,Hamlet,1996,7.7,242,Drama
841,The Last Emperor,1987,7.7,163,"Biography, Drama, History"
842,Roma,2018,7.7,135,Drama
843,Star Trek II: The Wrath of Khan,1982,7.7,113,"Action, Adventure, Sci-Fi"
844,The French Connection,1971,7.7,104,"Action, Crime, Drama"
845,Kung fu,2004,7.7,99,"Action, Comedy, Fantasy"
846,Goldfinger,1964,7.7,110,"Action, Adventure, Thriller"
847,Paprika,2006,7.7,90,"Animation, Drama, Fantasy"
848,This Is England,2006,7.7,101,"Crime, Drama"
849,Ordinary People,1980,7.7,124,Drama
850,Flipped(I),I 2010,7.7,90,"Comedy, Drama, Romance"
851,Lucky Number Slevin,2006,7.7,110,"Crime, Drama, Thriller"
852,Malcolm X,1992,7.7,202,"Biography, Drama, History"
853,Kaze tachinu,2013,7.7,126,"Animation, Biography, Drama"
854,Ray(I),I 2004,7.7,152,"Biography, Drama, Music"
855,La grande bellezza,2013,7.7,141,Drama
856,The Verdict,1982,7.7,129,Drama
857,Finding Neverland,2004,7.7,106,"Biography, Drama, Family"
858,Belle de jour,1967,7.7,100,"Drama, Romance"
859,Billy Elliot,2000,7.7,110,"Drama, Music"
860,Miller's Crossing,1990,7.7,115,"Crime, Drama, Thriller"
861,Lola rennt,1998,7.7,81,"Action, Crime, Thriller"
862,Kubo and the Two Strings,2016,7.7,101,"Animation, Action, Adventure"
863,The Dirty Dozen,1967,7.7,150,"Action, Adventure, War"
864,The Longest Day,1962,7.7,178,"Action, Drama, History"
865,The African Queen,1951,7.7,105,"Adventure, Drama, Romance"
866,Fantasia,1940,7.7,124,"Animation, Family, Fantasy"
867,Nebraska,2013,7.7,115,Drama
868,Zwartboek,2006,7.7,145,"Drama, Thriller, War"
869,Key Largo,1948,7.7,100,"Action, Crime, Drama"
870,La planète sauvage,1973,7.7,72,"Animation, Sci-Fi"
871,The Quiet Man,1952,7.7,129,"Comedy, Drama, Romance"
872,Badlands,1973,7.7,94,"Action, Crime, Drama"
873,Waking Life,2001,7.7,99,"Animation, Drama, Fantasy"
874,Abre los ojos,1997,7.7,119,"Drama, Mystery, Sci-Fi"
875,À bout de souffle,1960,7.7,90,"Crime, Drama"
876,Beasts of No Nation,2015,7.7,137,"Drama, War"
877,Me and Earl and the Dying Girl,2015,7.7,105,"Comedy, Drama, Romance"
878,Short Cuts,1993,7.7,188,"Comedy, Drama"
879,Ajeossi,2010,7.7,119,"Action, Crime, Drama"
880,Black Narcissus,1947,7.7,101,Drama
881,Kurenai no buta,1992,7.7,94,"Animation, Adventure, Comedy"
882,Good Bye Lenin!,2003,7.7,121,"Comedy, Drama, Romance"
883,Zulu,1964,7.7,138,"Drama, History, War"
884,Chun gwong cha sit,1997,7.7,96,"Drama, Romance"
885,La double vie de Véronique,1991,7.7,98,"Drama, Fantasy, Music"
886,Spoorloos,1988,7.7,107,"Mystery, Thriller"
887,Perfetti sconosciuti,2016,7.7,96,"Comedy, Drama"
888,Le Petit Prince,2015,7.7,108,"Animation, Adventure, Drama"
889,Night on Earth,1991,7.7,129,"Comedy, Drama"
890,Lat sau san taam,1992,7.7,128,"Action, Crime, Thriller"
891,Invasion of the Body Snatchers,1956,7.7,80,"Drama, Horror, Sci-Fi"
892,Omoide no Marnie,2014,7.7,103,"Animation, Drama, Family"
893,The Caine Mutiny,1954,7.7,124,"Drama, War"
894,Diarios de motocicleta,2004,7.7,126,"Adventure, Biography, Drama"
895,Cape Fear,1962,7.7,106,"Drama, Thriller"
896,Scarface,1932,7.7,93,"Action, Crime, Drama"
897,Toki o kakeru shôjo,2006,7.7,98,"Animation, Adventure, Comedy"
898,Forushande,2016,7.7,124,"Drama, Thriller"
899,Kokuhaku,2010,7.7,106,"Drama, Thriller"
900,A Man for All Seasons,1966,7.7,120,"Biography, Drama, History"
901,Hedwig and the Angry Inch,2001,7.7,95,"Comedy, Drama, Music"
902,Les triplettes de Belleville,2003,7.7,80,"Animation, Adventure, Comedy"
903,Ondskan,2003,7.7,113,Drama
904,Adams æbler,2005,7.7,94,"Comedy, Crime, Drama"
905,Yume,1990,7.7,119,"Drama, Fantasy"
906,The Broken Circle Breakdown,2012,7.7,111,"Drama, Music, Romance"
907,Frost/Nixon,2008,7.7,122,"Biography, Drama, History"
908,Ta'm e guilass,1997,7.7,95,Drama
909,Das Experiment,2001,7.7,120,"Drama, Thriller"
910,Down by Law,1986,7.7,107,"Comedy, Crime, Drama"
911,Hana-bi,1997,7.7,103,"Crime, Drama, Romance"
912,The Magdalene Sisters,2002,7.7,114,Drama
913,Efter brylluppet,2006,7.7,120,Drama
914,In America,2002,7.7,105,Drama
915,Gongdong gyeongbi guyeok JSA,2000,7.7,110,"Action, Drama, Thriller"
916,Jules et Jim,1962,7.7,105,"Drama, Romance"
917,Love and Death,1975,7.7,85,"Comedy, War"
918,The Breadwinner,2017,7.7,94,"Animation, Drama, Family"
919,The Purple Rose of Cairo,1985,7.7,82,"Comedy, Fantasy, Romance"
920,Ma vie de Courgette,2016,7.7,66,"Animation, Comedy, Drama"
921,Le passé,2013,7.7,130,"Drama, Mystery"
922,The Muppet Christmas Carol,1992,7.7,85,"Comedy, Drama, Family"
923,Zelig,1983,7.7,79,Comedy
924,Auf der anderen Seite,2007,7.7,122,Drama
925,Harry Potter and the Sorcerer's Stone,2001,7.6,152,"Adventure, Family, Fantasy"
926,Once Upon a Time in... Hollywood,2019,7.6,161,"Comedy, Drama"
927,American Psycho,2000,7.6,102,"Crime, Drama, Horror"
928,Inside Man,2006,7.6,129,"Crime, Drama, Mystery"
929,My Cousin Vinny,1992,7.6,120,"Comedy, Crime"
930,The Others,2001,7.6,101,"Horror, Mystery, Thriller"
931,The Fifth Element,1997,7.6,126,"Action, Adventure, Sci-Fi"
932,Office Space,1999,7.6,89,Comedy
933,The Birds,1963,7.6,119,"Drama, Horror, Mystery"
934,Moana(I),I 2016,7.6,107,"Animation, Adventure, Comedy"
935,Superbad,2007,7.6,113,Comedy
936,Sicario,2015,7.6,121,"Action, Crime, Drama"
937,Guardians of the Galaxy Vol. 2,2017,7.6,136,"Action, Adventure, Comedy"
938,Deadpool 2,2018,7.6,119,"Action, Adventure, Comedy"
939,Moneyball,2011,7.6,133,"Biography, Drama, Sport"
940,Star Wars: Episode III - Revenge of the Sith,2005,7.6,140,"Action, Adventure, Fantasy"
941,Watchmen,2009,7.6,162,"Action, Drama, Mystery"
942,300,2006,7.6,117,"Action, Drama"
943,Saw,2004,7.6,103,"Horror, Mystery, Thriller"
944,The Blind Side,2009,7.6,129,"Biography, Drama, Sport"
945,Kick-Ass,2010,7.6,117,"Action, Comedy, Crime"
946,Lethal Weapon,1987,7.6,109,"Action, Crime, Thriller"
947,After Hours(I),I 1985,7.6,97,"Comedy, Crime, Drama"
948,Stardust,2007,7.6,127,"Adventure, Family, Fantasy"
949,Searching(III),III 2018,7.6,102,"Drama, Mystery, Thriller"
950,Dawn of the Planet of the Apes,2014,7.6,130,"Action, Adventure, Drama"
951,The Thin Red Line,1998,7.6,170,"Drama, History, War"
952,A Star Is Born,2018,7.6,136,"Drama, Music, Romance"
953,The Butterfly Effect,2004,7.6,113,"Drama, Sci-Fi, Thriller"
954,Hell or High Water(II),II 2016,7.6,102,"Crime, Drama, Thriller"
955,Kung Fu Panda,2008,7.6,92,"Animation, Action, Adventure"
956,RoboCop,1987,7.6,102,"Action, Crime, Sci-Fi"
957,Minority Report,2002,7.6,145,"Action, Crime, Mystery"
958,The Fly,1986,7.6,96,"Drama, Horror, Sci-Fi"
959,Mulan,1998,7.6,87,"Animation, Adventure, Comedy"
960,The Royal Tenenbaums,2001,7.6,110,"Comedy, Drama"
961,Gone Baby Gone,2007,7.6,114,"Crime, Drama, Mystery"
962,Despicable Me,2010,7.6,95,"Animation, Adventure, Comedy"
963,Serbuan maut,2011,7.6,101,"Action, Crime, Thriller"
964,Eastern Promises,2007,7.6,100,"Crime, Drama, Thriller"
965,Dark City,1998,7.6,100,"Fantasy, Mystery, Sci-Fi"
966,What We Do in the Shadows,2014,7.6,86,"Comedy, Horror"
967,End of Watch,2012,7.6,109,"Action, Adventure, Crime"
968,True Grit,2010,7.6,110,"Drama, Western"
969,Mad Max 2,1981,7.6,96,"Action, Adventure, Sci-Fi"
970,Rebel Without a Cause,1955,7.6,111,Drama
971,The Mitchells vs the Machines,2021,7.6,114,"Animation, Adventure, Comedy"
972,Enter the Dragon,1973,7.6,102,"Action, Crime, Drama"
973,Rushmore,1998,7.6,93,"Comedy, Drama, Romance"
974,The Naked Gun: From the Files of Police Squad!,1988,7.6,85,"Comedy, Crime"
975,La piel que habito,2011,7.6,120,"Drama, Horror, Mystery"
976,The Jungle Book,1967,7.6,78,"Animation, Adventure, Comedy"
977,Dark Waters,2019,7.6,126,"Biography, Drama, History"
978,Match Point,2005,7.6,124,"Drama, Romance, Thriller"
979,Die Hard with a Vengeance,1995,7.6,128,"Action, Adventure, Thriller"
980,Gake no ue no Ponyo,2008,7.6,101,"Animation, Adventure, Comedy"
981,Snow White and the Seven Dwarfs,1937,7.6,83,"Animation, Adventure, Family"
982,I Am Sam,2001,7.6,132,Drama
983,The Last King of Scotland,2006,7.6,123,"Biography, Drama, History"
984,Barton Fink,1991,7.6,116,"Comedy, Drama, Thriller"
985,Seven Pounds,2008,7.6,123,Drama
986,Sabrina,1954,7.6,113,"Comedy, Drama, Romance"
987,The Bridges of Madison County,1995,7.6,135,"Drama, Romance"
988,50/50,2011,7.6,100,"Comedy, Drama, Romance"
989,21 Grams,2003,7.6,124,"Crime, Drama, Thriller"
990,From Here to Eternity,1953,7.6,118,"Drama, Romance, War"
991,25th Hour,2002,7.6,135,Drama
992,United 93,2006,7.6,111,"Action, Drama, History"
993,Philomena,2013,7.6,98,"Biography, Comedy, Drama"
994,Un long dimanche de fiançailles,2004,7.6,133,"Drama, Mystery, Romance"
995,The Taking of Pelham One Two Three,1974,7.6,104,"Action, Crime, Thriller"
996,Control,2007,7.6,122,"Biography, Drama, Music"
997,Les yeux sans visage,1960,7.6,90,"Drama, Horror"
998,Shine,1996,7.6,105,"Biography, Drama, Music"
999,The Invisible Man,1933,7.6,71,"Horror, Sci-Fi"
1000,Celda 211,2009,7.6,113,"Action, Adventure, Crime"
